amount,location,transactionType,international,device,fraud
500,Delhi,Offline,No,Mobile,No
1200,Mumbai,Online,No,Mobile,No
2500,Delhi,Online,No,Laptop,No
800,Bangalore,Offline,No,Mobile,No
4500,Pune,Online,No,Laptop,No
7000,Delhi,Online,No,Mobile,No
15000,Mumbai,Offline,No,Laptop,No
18000,Bangalore,Online,No,Mobile,No
22000,Delhi,Online,No,Laptop,No
30000,Mumbai,Offline,No,Mobile,No
35000,Pune,Online,No,Laptop,No
45000,Delhi,Online,No,Mobile,No
60000,Unknown,Online,Yes,Unknown,Yes
75000,Unknown,Online,Yes,Unknown,Yes
90000,Unknown,Online,Yes,Mobile,Yes
100000,Unknown,Online,Yes,Unknown,Yes
85000,Mumbai,Online,Yes,Unknown,Yes
70000,Delhi,Online,Yes,Unknown,Yes
65000,Unknown,Online,Yes,Laptop,Yes
55000,Unknown,Online,Yes,Unknown,Yes
40000,Unknown,Online,Yes,Unknown,Yes
50000,Unknown,Online,Yes,Mobile,Yes
62000,Pune,Online,Yes,Unknown,Yes
80000,Bangalore,Online,Yes,Unknown,Yes
1500,Delhi,Online,No,Mobile,No
3000,Mumbai,Offline,No,Laptop,No
6000,Pune,Online,No,Mobile,No
10000,Bangalore,Offline,No,Laptop,No
20000,Delhi,Online,No,Laptop,No
25000,Mumbai,Online,No,Mobile,No
55000,Delhi,Offline,No,Laptop,No
5000,Unknown,Online,Yes,Unknown,Yes
10000,Unknown,Online,Yes,Unknown,Yes
20000,Unknown,Offline,Yes,Unknown,Yes
35000,Unknown,Online,Yes,Mobile,Yes
45000,Unknown,Online,Yes,Unknown,Yes
3000,Unknown,Offline,No,Mobile,No
7000,Delhi,Online,Yes,Mobile,No
12000,Mumbai,Online,Yes,Laptop,No
15000,Pune,Offline,Yes,Mobile,No
